q,expect_q,nn_sim_q,nn_stan_q,nn_score,sm_sim_q,sm_stan_q,sm_score,new_stan_q
能 更改 开 发票,发票信息是否可以更改,能 更改 发票 税号,发票信息是否可以更改,1.0,能 更改 发票,电子发票和普通纸质发票怎么互换,0.79,电子发票和普通纸质发票怎么互换
我 订单 刚 开始 支付 优惠 取消,支付为什么显示失败,优惠 刚 开始 抢 结束,为什么抢购不到商品,1.0,刚 支付 完 订单 怎么 现在 说 我 取消 订单,订单被自动取消了,0.51,订单被自动取消了
现在 支付 不能 是 2899,有没有活动，价格能优惠吗,现在 不能 价格 给我,有没有活动，价格能优惠吗,1.0,不能 支付 是,支付为什么显示失败,0.74,支付为什么显示失败
问时间 收 不 到货 我 取消 订单,查询送货动态,为什么 我 现在 收 不 到货,为什么还没送到,1.0,我 问时间 订单 为什么 取消,订单被自动取消了,0.57,订单被自动取消了
怎么 问时间 还是 不能 买,支付为什么显示失败,怎么 不能 点 击 买,支付为什么显示失败,1.0,我 再 买 怎么 不能 买,可以买多少,0.59,可以买多少
我 发票 你 给我 开 哪 去,怎么没有发票,我 备注 要 开 发票 麻烦 给我,怎么没有发票,1.0,我 你 发票 是 怎么 开,怎么开发票,0.69,怎么开发票
没有 退换货 怎么 说 巳 完成,怎么修改收货人地址、电话,没有 到 怎么 说 完成,为什么未收货却显示送货完成了,1.0,退换货 完成,咨询退换货进度,0.62,咨询退换货进度
我 订单 31140816719 问时间 都 没收到,查询送货动态,我 订单 怎么 没收到,为什么还没送到,1.0,订单 我 都 没收到 退款,退款什么时候到账,0.69,退款什么时候到账
订单 里 发票 信息 怎么 从 电子 更改 纸质,发票类型是否可以更改,我 发票 是 电子 还是 纸质,我开的什么发票,1.0,发票 信息 怎么 更改,如何设置发票信息,0.57,如何设置发票信息
修改 问地点,怎么修改收货人地址、电话,怎么 修改 退换货 问地点,怎么更改退换货地址电话和时间,1.0,自助 修改 问地点,怎么修改收货人地址、电话,0.82,怎么修改收货人地址、电话
我 订单 怎么 到 现在 都 没有 物流,订单没有物流信息,物流 时 都 没有,什么时候送,1.0,订单 没有 物流,订单没有物流信息,0.61,订单没有物流信息
我 为什么 我 看 不到 我 买 订单 信息,怎么查询订单,我 怎么 看 不到 我 预约 订单,怎么查看预约的商品,1.0,商品 我 没有 买 怎么 有 订单 信息,我的账户出现了不是我的订单怎么办,0.57,我的账户出现了不是我的订单怎么办
我 订单 怎么 支付 不 起来,支付为什么显示失败,大聚惠 订单 不 支付 能,大聚会怎么参加,1.0,订单 支付 2次 怎么,怎么扣了我两笔啊,0.59,怎么扣了我两笔啊
我 更改 发票 信息 物流 问地点,发票信息是否可以更改,我 信息 更改 问地点 更改 不了,怎么修改收货人地址、电话,1.0,发票 信息 怎么 更改,如何设置发票信息,0.65,如何设置发票信息
我 电池 有 单买,商品是否有货,怎么 没有 电池,商品缺少配件怎么办,1.0,你家 有 三星 电池,商品是否有货,0.41,商品是否有货
买 无 法 支付,支付为什么显示失败,我 以前 订单 手机上 无 法 怎么 怎么,以前的订单怎么查询不到,1.0,买 能 延缓 支付,支付有时间限制吗,0.47,支付有时间限制吗
39280708466 我 你 单 毛 不能 支付,支付为什么显示失败,我 购物车 有 手机 单 点 支付 老是 不能 支付,支付为什么显示失败,1.0,你 不能 支付宝 支付,支持支付宝或微信支付吗,0.53,支持支付宝或微信支付吗
我 订单 发票 开 一张 再 给 明细 单,怎么开发票,下 单 但是 要 更改 发票 明细,发票信息是否可以更改,1.0,订单 没有 开 发票,怎么没有发票,0.54,怎么没有发票
到底 是 苏宁 发货 不,从哪里发货,是 苏宁 物流 是否 不 发货 物流,送货用什么快递,1.0,是 苏宁 发货,从哪里发货,0.76,从哪里发货
订单 能 退换货,怎么取消订单,乐拼购 订单 能 退换货,申请退换货,1.0,我 订单 错 退换货 能 不 退换货,撤回退换货申请,0.65,撤回退换货申请
我 订单 取消,怎么取消订单,我 把 订单 取消,怎么取消订单,1.0,为什么 取消 我 订单,订单被自动取消了,0.85,订单被自动取消了
问时间 二十八号 拍 买 物品 到 问时间 都 没有 发货 是,为什么还没送到,从 拍 问时间 到,什么时候送,1.0,问时间 买 怎么 没有 发货,查询送货,0.54,查询送货
取消 能够 更改 我 要,撤回退换货申请,要 取消 订单 能 更改 支付,支付方式是否可以修改,1.0,我 定 取消 能 更改 回来,撤回退换货申请,0.5,撤回退换货申请
更改 问地点,怎么修改收货人地址、电话,我 更改 默认 问地点,能否修改默认地址,1.0,更改 到 问地点,怎么修改收货人地址、电话,0.81,怎么修改收货人地址、电话
没有 发货,为什么还没送到,订单 超过 半个 月 没有 发货 是什么 道理,什么时候送,1.0,是什么 第三方 发货,送货用什么快递,0.76,送货用什么快递
发货 问地点 错 怎么 修改,怎么修改收货人地址、电话,商家 页面 错 问地点 修改,商家如何进行参数纠错,1.0,怎么 发货 问地点,从哪里发货,0.58,从哪里发货
为何 商品 没有 送,为什么还没送到,商品 会 送 楼,是送货上门吗,1.0,商品 内外 机能 分开 送,空调内外机能分开送吗,0.48,空调内外机能分开送吗
订单 尾款 在 那里 支付,怎么支付尾款,我 订单 已经 支付 尾款 我 修改 问地点,怎么修改收货人地址、电话,1.0,双十一 在 支付 尾款,有哪些支付方式,0.58,有哪些支付方式
订单 能 用 多少 张 券,券怎么使用,买 能 用 券,券怎么使用,1.0,订单 取消 券 能 用,退款后多久退优惠券/云钻？,0.66,退款后多久退优惠券/云钻？
更换 手机 外 屏,如何预约维修,想买 大 屏 手机,帮我推荐下手机、配件,1.0,我 手机 外 屏 破 怎么 修,如何预约维修,0.42,如何预约维修
我 申请 退换货 麻烦 问时间 通过,咨询退换货进度,退换货 申请 问时间 审核 通过,咨询退换货进度,1.0,麻烦 问时间 我 退换货,申请退换货,0.75,申请退换货
问时间 开 给我 电子发票 漏 两个 字,发票不清晰、开错发票怎么办,刚才 发票 差 公司 两个 字,发票信息是否可以更改,1.0,电子发票 问时间 能 开 给我,电子发票怎么下载（无下载按钮怎么办）,0.5,电子发票怎么下载（无下载按钮怎么办）
货 收 开 发票 过来,怎么没有发票,发票 问时间 送 过来,怎么没有发票,1.0,货 到 增值税 发票 怎么 开,怎么开增值税专用发票,0.54,怎么开增值税专用发票
我 刚 下 一 单 手机 我 发票 信息 写 错 怎么 修改,发票信息是否可以更改,发票 信息 怎么 填 写,如何设置发票信息,1.0,我 发票 有 字 写 错 怎么,发票信息是否可以更改,0.47,发票信息是否可以更改
为什么 收 货 问时间 还是 发票 开具 问地点 下载 发票,发票信息是否可以更改,我 发票 问地点 下载,电子发票怎么下载（无下载按钮怎么办）,1.0,为什么 问时间 接到 货 没有 发票,怎么没有发票,0.53,怎么没有发票
我 发票 能 开 增值税发票,怎么开发票,礼品卡 能 开 增值税发票,苏宁卡可以开发票吗,1.0,能 开 增值税发票,怎么开增值税专用发票,0.54,怎么开增值税专用发票
奶粉 是 新 包装,商品的功能及包装参数,牛奶 生产日期 是 新,生产日期和保质期是什么时候的,1.0,奶粉 结块 是,奶粉打开后为什么会结块？,0.41,奶粉打开后为什么会结块？
问时间 前 买 299 现在 降 30,怎么申请价保,399 应该 降 30,为什么参加满减没有减少,1.0,现在 降,怎么申请价保,0.58,怎么申请价保
维修 时 质保 多长,保修期是多久,维修 时 带 什么,保修需要发票吗？,1.0,质保 内 维修 怎么 收费,维修怎么收费,0.5,维修怎么收费
退钱 怎么 领,退款退到哪,是 直接 退钱 回来,怎么申请价保,0.8959999999999999,拒收 怎么 退钱,拒收后如何退款,0.45,拒收后如何退款
我 买 商品 发票 姓名 打 错 怎么 补办,发票信息是否可以更改,发票 字 打 错,发票不清晰、开错发票怎么办,1.0,我 买 商品 没有 发票,怎么没有发票,0.48,怎么没有发票
我 买 商品 增值税 票 怎么 没有 到,怎么没有发票,货 到 增值税 发票 怎么 开,怎么开增值税专用发票,1.0,我 买 商品 怎么 没有 看到 发票,怎么没有发票,0.41,怎么没有发票
苏 宁可 物流 到 乡镇,是送货上门吗,乡镇 发 什么 物流,送货用什么快递,1.0,能 物流 到 江西省,是送货上门吗,0.75,是送货上门吗
我 前 问时间 买 燃气 商品 但是 到 现在 没有 发货 能,为什么还没送到,我 现在 买 问时间 能 到,什么时候送,1.0,现在 买 问时间 能 发货,下单多久发货,0.56,下单多久发货
我 买 商品 能 给我 开 普 通 发票,怎么开发票,是 直接 会 开 普 通 发票,怎么开发票,1.0,我 早就 买 商品 发票 怎么 没有 开 过来,怎么没有发票,0.49,怎么没有发票
现在 v 4 不能 抢 运费 券,运费券怎么领取,能 延期 运费 券,券过期了能否延期,1.0,运费 券 怎么 领,运费券怎么领取,0.45,运费券怎么领取
早点 安排 发货 和 安装,什么时候送,货 到 早点 安装,怎么预约安装,1.0,问时间 安排 发货,什么时候送,0.5,什么时候送
我 拍 烟 灶 两件 套 能 安排 物流 安装,怎么预约安装,物流 安装 是 一次性 安排,送货安装是否同步进行,1.0,我 单子 能 安排 安装,怎么预约安装,0.45,怎么预约安装
我 实名 怎么 没有 送 券,已经实名认证，为什么没有返券,实名 没有 送 券,已经实名认证，为什么没有返券,1.0,我 怎么 没有 实名 券,实名认证券怎么没到账,0.8,实名认证券怎么没到账
我们 商品 是 问时间 问时间 买 不是 24小时 之内 安装 完毕,什么时候上门安装,我们 这边 安装 商品 师傅 是 谁,怎么预约安装,1.0,买 商品 到 问时间 给我 安装,什么时候上门安装,0.51,什么时候上门安装
不是 苏宁 自营,商品是自营的么,不是 苏宁 自营 机子 是 苏宁 物流,送货用什么快递,1.0,这些 不是 自营,商品是自营的么,0.63,商品是自营的么
我 以为 长春 会 有货,商品是否有货,买 会 有货 发,商品是否有货,1.0,我 是 南京 有货,门店有货吗？,0.59,门店有货吗？
券 在 自营 买,券怎么使用,苏宁 自营 商品 股东 券 都是 用,股东券怎么使用,0.998,券 能 买 什么,无敌券可以买什么,0.47,无敌券可以买什么
刚才 有人 联系 给我 说 有 商品 缺货 我 怎么 取消 订单,怎么取消订单,刚才 给我 联系 买 延保 我 取消,延保怎么退,1.0,我 我 说 订单 有 取消 掉,咨询退换货进度,0.44,咨询退换货进度
商品 送 过来 有 伤痕,申请售后,到货 能 送 过来,什么时候送,1.0,刚 送 商品 面 有 坑,商品有质量或外观问题,0.48,商品有质量或外观问题
能 给我 安排 问时间 物流,什么时候送,给我 安排 问时间 到 问时间 物流,怎么更改送货时间,1.0,能 安排 同一天 物流,多个订单是在一起送吗,0.72,多个订单是在一起送吗
物流 慢,查询物流状态,物流 是否 很 慢,自提和配送哪个快,1.0,苏宁 物流 慢,为什么还没送到,0.77,为什么还没送到
买 韩束 商家 不 发货,商户商品多久发货,商家 是 问地点 发货,从哪里发货,1.0,商家 怎么 一直 没有 发货,什么时候送,0.65,什么时候送
物流 联系,查询送货动态,我 更改 物流 联系,怎么修改收货人地址、电话,1.0,物流 员 联系,查询送货,0.87,查询送货
问时间 问时间 已经 说 发货 到 问时间 问时间 物流 一直 没有,订单没有物流信息,已经 很 多天 一直 没有 到,为什么还没送到,1.0,都 发货 问时间 没有 信息,订单没有物流信息,0.6,订单没有物流信息
货 问时间 发,下单多久发货,货 怎么 没有 发,为什么还没送到,1.0,发 货 发 问时间,什么时候送,1.0,什么时候送
问时间 能 到,什么时候送,急速达 问时间 能 到,什么是急速达,1.0,问时间 能 到,什么时候送,1.0,什么时候送
我 商品 没有 发货 问时间 买,下单多久发货,买 商品 我 要 弄 延长 发货,怎么更改送货时间,1.0,我 买 商品 发货,查询送货,0.79,查询送货
下 错 单 问地点 应该 是 在 惠州,怎么修改收货人地址、电话,我 单 下 错 能 退换货,申请退换货,1.0,问地点 登记 错 给我 单 取消,怎么取消订单,0.4,申请退换货
赶紧 发货,下单多久发货,赶紧 物流,为什么还没送到,1.0,发货,查询送货,0.8,查询送货
我 问时间 买 农夫山泉 为什么 问时间 都 没收到,查询物流动态,为什么 退款 问时间 都 没收到,退款什么时候到账,1.0,我 问时间 问时间 买 订单 问时间 没收到,为什么还没送到,0.57,为什么还没送到
能 店 自提,怎么自提,店 自提 能 店 支付,怎么门店付款,1.0,能 店 自提,怎么自提,1.0,怎么自提
有 看到 我 延迟 物流 要求,怎么更改送货时间,物流 延迟 有 补偿,为什么还没送到,1.0,我 延迟 物流,怎么更改送货时间,0.53,怎么更改送货时间
我 支付 但是 我 要 延迟 物流,怎么更改送货时间,但是 问时间 问时间 要 到,什么时候送,1.0,我 现在 要 物流,怎么更改送货时间,0.49,怎么更改送货时间
我 能 提前 发货 期待 到货 时 时 没有 看到,怎么更改送货时间,没有 到货 时,什么时候送,1.0,能 预约 发货 时,怎么更改送货时间,0.4,什么时候送
联系 打 不 通,物流电话联系不上,安装 联系 打 不 通,安装为什么一直没来呢,1.0,打 不 通 物流 联系,物流电话联系不上,0.83,物流电话联系不上
问时间 问时间 能 到,查询物流动态,急速达 问时间 能 到,什么是急速达,1.0,问时间 能 到,什么时候送,1.0,什么时候送
我 知道 问时间 发货,什么时候送,我 只 知道 问时间 能 到 而已,什么时候送,1.0,我 知道 问地点 发货,从哪里发货,0.63,从哪里发货
问时间 拍 为什么 现在 还不 发货,下单多久发货,为什么 还不 发货,为什么还没送到,1.0,现在 拍 问时间 发货,下单多久发货,0.75,下单多久发货
当地 物流 要 问时间,为什么还没送到,你 当地 经销商 能 安排 物流,从哪里发货,1.0,要 问时间 物流,什么时候送,0.89,什么时候送
今 天下 货 为什么 问时间 才 发,什么时候送,货 怎么 没有 发,为什么还没送到,1.0,发 货 发 问时间,什么时候送,0.62,什么时候送
能 提前 发货,为什么还没送到,能 提前 物流,怎么更改送货时间,1.0,有 预售 规则 能 提前 发货,怎么参加预售抢购,0.61,怎么参加预售抢购
我 货 不用 发货,怎么更改送货时间,不用 发货,人工客服工作时间,1.0,我 货 怎么 不是 合肥 发货,从哪里发货,0.73,从哪里发货
能 指定 发货 时,怎么更改送货时间,能 指定 安 装 时,如何更改安装时间、地址、电话,1.0,能 预约 发货 时,怎么更改送货时间,0.69,怎么更改送货时间
订单 问时间 物流 急用,查询物流动态,问时间 能 物流 急用,什么时候送,1.0,我 订单 推 问时间 物流,怎么更改送货时间,0.69,怎么更改送货时间
问时间 没有 物流,订单没有物流信息,问时间 买 东西 为什么 一直 没有 物流,为什么还没送到,1.0,没有 物流,订单没有物流信息,0.84,订单没有物流信息
已经 问时间 没有 订单 消息,订单没有物流信息,订单 已经 支付 为什么 说 没有 支付,我的钱怎么没付成功啊,1.0,我有 退款 订单 已经 问时间 没有 到账,退款什么时候到账,0.47,退款什么时候到账
买 问时间 怎么 没有 到 物流 太 慢,为什么还没送到,到货 太 慢,什么时候送,1.0,物流 太 慢 没有 到,为什么还没送到,0.58,为什么还没送到
确保 问时间 送 上门,什么时候送,农村 也是 送 上门,是送货上门吗,1.0,预计送达 是 问时间 能 送 上门,系统预计送达时间准吗,0.54,系统预计送达时间准吗
物流 能 在 问时间 问时间,什么时候送,问时间 不要 物流 在 问时间 物流 能,怎么更改送货时间,1.0,问时间 能 物流,什么时候送,0.74,什么时候送
我 买 充电宝 说 拼团 是否 要 人和 我 拼团 成功 能 发货,拼购付款之后怎么还没发货,我 充电宝 问时间 发货,查询送货,1.0,有 拼团 订单 说 成功 怎么 我 看 不到 发货,拼购付款之后怎么还没发货,0.46,拼购付款之后怎么还没发货
订单 信息 怎么 不 动,订单没有物流信息,订单 物流 都 不 动,什么时候送,1.0,怎么 怎么 订单 信息,怎么查询订单,0.73,怎么查询订单
物流 怎么,查询物流动态,物流 怎么 这样,送货用什么快递,1.0,怎么 物流,查询送货,1.0,查询送货
物流 怎么 迟 问时间,为什么还没送到,迟 物流 有 补偿,为什么还没送到,1.0,最 迟 能 选 问时间 物流,怎么更改送货时间,0.53,怎么更改送货时间
我 物流 能够 问时间 五点 半 到 问时间 上班 家里 没有 人 接收,什么时候送,问时间 问时间 在 五点 半 到 六点 给我 物流 噢,什么时候送,1.0,问时间 家里 没有 人 问时间 物流,怎么更改送货时间,0.51,怎么更改送货时间
都是 到 问地点,是送货上门吗,都是 说 问地点 发,从哪里发货,1.0,到 问地点,查询送货,0.76,查询送货
问时间 问时间 能 到,什么时候送,急速达 问时间 能 到,什么是急速达,1.0,问时间 能 到,什么时候送,1.0,什么时候送
分配 北京 物流,从哪里发货,苏宁 物流 会 分配 到 物流,送货用什么快递,1.0,北京 同 城 物流,从哪里发货,0.62,从哪里发货
卖家 你 将 我 刚 买 商品 问时间 立刻 物流 立刻 安装,什么时候送,你 商品 物流 包括 安装,送货安装是否同步进行,1.0,问时间 买 问时间 物流 安装,什么时候送,0.49,什么时候送
我 这边 把 修改 成苏宁 小 店 自提,改配送方式,花桥 这边 能 店 自提,怎么自提,1.0,怎么 修改 成 自提,改配送方式,0.52,改配送方式
我 明确 要求 问时间 物流 问时间 未 到 说 到,为什么未收货却显示送货完成了,为什么 未 到 却 说 物流 完成,为什么未收货却显示送货完成了,1.0,我 物流 问时间 到,什么时候送,0.58,什么时候送
问时间 能 到,什么时候送,急速达 问时间 能 到,什么是急速达,1.0,问时间 能 到,什么时候送,1.0,什么时候送
是否 回 应 下 为什么 问时间 不 发货,什么时候送,下 订单 问时间 发货,什么时候送,1.0,问时间 拍 下 能 发货,下单多久发货,0.6,下单多久发货
能 问时间 到,什么时候送,急速达 问时间 能 到,什么是急速达,1.0,问时间 能 到,什么时候送,1.0,什么时候送
因为 着急 想要 自提,怎么自提,我 着急 要 货,为什么还没送到,1.0,能 自提,怎么自提,0.57,怎么自提
能 发货 都 多天,为什么还没送到,额 物流 到 重庆 好 多天,什么时候送,1.0,多天 怎么 还不 发货,为什么还没送到,0.59,为什么还没送到
我 要 更改 问地点 我 把 到 问地点 写 成 单位,怎么修改收货人地址、电话,把 个人 更改 成 单位 开 错,发票信息是否可以更改,1.0,我 要 更改 问地点,怎么修改收货人地址、电话,0.54,怎么修改收货人地址、电话
没有 发货 亏了 10几块,怎么申请价保,我 现在 买 完 618 降 我 岂 不是 亏了,怎么申请价保,1.0,发货 没有,查询送货,0.73,查询送货
我 物流 到 哪儿,查询物流动态,电视机 能 到 哪儿,是送货上门吗,1.0,我 物流 问时间 到,什么时候送,0.6,什么时候送
为什么 要 改期 问时间 不能 物流,什么时候送,为什么 我 订单 物流 改期,为什么还没送到,1.0,问时间 不能 物流 要 修改 物流 问地点,怎么修改收货人地址、电话,0.66,怎么修改收货人地址、电话
怎么 说 未 发货,什么时候送,未 时 发货 赔偿,为什么还没送到,1.0,为什么 货 未 发货,怎么更改送货时间,0.54,怎么更改送货时间
重庆市 綦江区 石角镇 白云村 上面 物流,是送货上门吗,不是 更改 发 往 重庆市,怎么修改收货人地址、电话,1.0,物流 物流 范围,是送货上门吗,0.6,是送货上门吗
先锋 液晶 商品 保修 问时间,保修期是多久,先锋 商品 保价,怎么申请价保,1.0,保修 问时间,保修期是多久,0.52,保修期是多久
屏幕 碎 包修,有保修服务吗,屏幕 碎 维修 价格,维修怎么收费,1.0,屏幕 现在 碎 给我 赔钱,碎屏保如何维保,0.43,碎屏保如何维保
去年 买 商品 今年 在 保修期,保修期是多久,生产日期 都 在 今年,生产日期和保质期是什么时候的,1.0,我 商品 保修期,保修期是多久,0.57,保修期是多久
在 苏宁 买 志 高空 调 现在 商品 不 制冷,如何预约维修,看 看 我 申请 志 高空 调 维修 现在 什么 状态,咨询维保进度,1.0,现在 商品 不 制冷,如何预约维修,0.5,如何预约维修
维修 问时间 审批 通过 会 来 自提,咨询维保进度,问时间 问时间 来 自提,咨询退换货进度,1.0,问时间 能 来 维修,咨询维保进度,0.57,咨询维保进度
为什么 维修 师傅 还不 来,咨询维保进度,我 申请 问时间 维修 服务 师傅 问时间 来,咨询维保进度,1.0,预约 师傅 来 维修,如何预约维修,0.68,如何预约维修
我 发货 过去 维修 手机 数码 时 能 修好,咨询维保进度,手机 掉 地上 能 维修,维修怎么收费,1.0,我 在 手机 能 我 预约 维修,如何预约维修,0.46,如何预约维修
非正品 商品 怎么 换,以旧换新怎么参加,到 是 非正品 怎么,收到怎么是二手的有使用痕迹,1.0,我 商品 能 换 下,申请退换货,0.47,申请退换货
商品 好 不 要 上门 维修,怎么取消维修单,商品 不 制冷 免费 维修,维修怎么收费,1.0,问时间 上门 维修,咨询维保进度,0.46,咨询维保进度
我 去年 买 商品 保修 问时间,保修期是多久,我 在 易 买 东西 能 保修,有保修服务吗,1.0,保修 问时间,保修期是多久,0.57,保修期是多久
问时间 刚 买 手机 问时间 屏幕 失灵,如何预约维修,手机 屏幕 失灵 没反应,申请售后,1.0,问时间 我 刚 买 问时间 到 手机,什么时候送,0.53,什么时候送
我 找 不到 发票 现在 要 维修 怎么 处理,发票丢失或没有保修卡支持保修吗,现在 商品 故障 发票 找 不 到 怎么 维修,发票丢失或没有保修卡支持保修吗,1.0,我 怎么 找 不到 发票 校验码,发票的校验码在哪,0.54,发票的校验码在哪
我 我 发票 不见 商品 故障 能 找 你 工作 人员 维修,发票丢失或没有保修卡支持保修吗,发票 不见 能 退换货,没有发票可以退货吗,1.0,发票 找 不 到 能 维修,发票丢失或没有保修卡支持保修吗,0.52,发票丢失或没有保修卡支持保修吗
新安 装 商品 总是 忽冷忽热,如何预约维修,用 时 总是 跳,申请售后,1.0,商品 是 苏 宁安 装 是,怎么预约安装,0.47,怎么预约安装
整机 保修 要 19元 怎么 知道,维修怎么收费,整机 负责 几年,保修期是多久,1.0,怎么 保修,如何预约维修,0.53,如何预约维修
商品 问时间 买 现在 保修,保修期是多久,现在 要 保修,如何预约维修,1.0,保修 问时间,保修期是多久,0.62,保修期是多久
我 延长 保修,怎么买延保,我 想购买 延长 保修,延保如何购买,1.0,延长 保修,怎么买延保,0.86,怎么买延保
我 手机 充 不 进 电 维修 怎么 弄,如何预约维修,商品 充 不 电,申请售后,1.0,店 维修 手机 怎么 弄,是否可以预约到店维修,0.5,是否可以预约到店维修
我 现在 我 不 希望 你 再 修 我 换 新机 或 退换货,申请退换货,再 修 下去 我 都 嫌 烦 处理 退换货,维修多次没有修好怎么办,1.0,我 现在 不 退换货,撤回退换货申请,0.45,撤回退换货申请
为什么 商品 故障 不 给 及时 退换货,申请退换货,华为 不 给 退换货,申请退换货,1.0,为什么 故障 不 退换货 我 运费,怎么退运费,0.51,怎么退运费
问地点 商品 没有 热水,如何预约维修,我 买 热水 壶 现在 烧 水 不 动 停,如何预约维修,1.0,买 林内 商品 问地点 发,从哪里发货,0.4,如何预约维修
我 要 出 险 碎屏险 流程 是什么,碎屏保如何维保,碎屏险 是什么,延保服务都可以保哪些问题的,1.0,我 要 碎屏险,怎么买碎屏保,0.41,怎么买碎屏保
我 手机 保修期 是否 一年,保修期是多久,手机 在 保修期 内 不,保修期是多久,1.0,我 手机 故障 在 保修期 内,如何预约维修,0.56,如何预约维修
商品 质量 不怎么样 退换货 要 什么 条件,申请退换货,商品 质量 没问题,商品是正品么,1.0,商品 质量 不能 退换货,申请退换货,0.54,申请退换货
申请 维修 已经 十一天 问题 没有 解决,咨询维保进度,我 退换货 问题 为什么 没有 解决,咨询退换货进度,1.0,申请 维修,如何预约维修,0.49,如何预约维修
有 上门 维修 收费 标准 是什么,维修怎么收费,总 有 安装 收费 标准,安装如何收费,1.0,维修 收费,维修怎么收费,0.5,维修怎么收费
我 买 打印机 出 了点 问题,如何预约维修,商品 出 了点 问题 找 谁,如何预约维修,1.0,我 买 打印机 是 苏宁 自营,商品是自营的么,0.42,商品是自营的么
到时候 有 维修 手机 说 电子发票,什么是电子发票,维修 能 用 电子发票,什么是电子发票,1.0,店 有 手机 维修 服务,是否可以预约到店维修,0.47,是否可以预约到店维修
商品 外机 不 运转 怎么 维修,如何预约维修,商品 外机 滴水 怎么 处理,空调室外机为什么会滴水,1.0,商品 不 制冷 免费 维修,维修怎么收费,0.48,维修怎么收费
商品 故障 联系 保修,如何预约维修,保修 联系 是 多少,售后维保地址电话,1.0,故障 怎么 保修,如何预约维修,0.57,如何预约维修
一直 没有 维修 人员 上门 服务,咨询维保进度,师傅 上门 维修,如何预约维修,1.0,维修 人员 完全 不会,维修技作业技能差,0.46,维修技作业技能差
问时间 报修 你 说 问时间 有 师傅 上门 来 修 为什么 没有 来,咨询维保进度,能 安排 师傅 来 修,如何预约维修,1.0,预约 安装 你 师傅 一直 没有 上门 问时间 来,安装为什么一直没来呢,0.48,安装为什么一直没来呢
维修 师傅 问时间 过来,咨询维保进度,你 师傅 问时间 过来 取,咨询退换货进度,1.0,安排 预约 问时间 能 过来 维修,咨询维保进度,0.57,咨询维保进度
盐城 店 维修 联系,售后维保地址电话,能 给我 商家 维修 联系,售后维保地址电话,1.0,维修 联系 多少,如何预约维修,0.63,如何预约维修
我 去年 买 商品 有 一台 根本 不 制冷,如何预约维修,我 买 小米 制冷 机 根本 不 制冷,如何预约维修,1.0,商品 不 制冷,申请售后,0.48,申请售后
商品 老是 故障 质量 是否 故障,维修多次没有修好怎么办,商品 故障,如何预约维修,1.0,商品 修 3次 是否 质量 故障,维修多次没有修好怎么办,0.66,维修多次没有修好怎么办
问地点 商品 启动 不了 什么 情况,如何预约维修,商品 启动 时 发热,冰箱启动后为何两侧发烫？,1.0,退款 失败 什么 情况,我收到短信怎么说退款失败了,0.45,我收到短信怎么说退款失败了
问地点 夏普 商品 怎么 没有 修好,咨询维保进度,问时间 维修 好,咨询维保进度,1.0,维修 问地点 不是 原来 怎么,如何修改维修信息,0.47,如何修改维修信息
商品 维修 你 查 问时间,咨询维保进度,维修 问时间,咨询维保进度,1.0,你 维修 商品,如何预约维修,0.66,如何预约维修
修 多少 费用,维修怎么收费,安装 费用 是 多少,安装如何收费,1.0,拆 机 费用 多少,拆机/移机如何收费,0.6,拆机/移机如何收费
整机 保修 多少 年,保修期是多久,质保 多少 年,生产日期和保质期是什么时候的,1.0,保修 联系 是 多少,售后维保地址电话,0.46,售后维保地址电话
我 手机 买 来 没有 问时间 冲 不了 电,如何预约维修,平板 冲 不 电,申请售后,1.0,我 问时间 买 手机 问时间 问时间 能到,什么时候送,0.45,什么时候送
检测 维修 费用 怎么 算,维修怎么收费,维修 是否 要 费用,维修怎么收费,1.0,我有 安心 质保 维修 费用 怎么 算,安心保保障金额,0.59,安心保保障金额
我 商品 有点 故障,如何预约维修,商品 故障,如何预约维修,1.0,我 商品 外机 故障,空调室外机为什么会滴水,0.73,空调室外机为什么会滴水
新安 装 商品 不 制冷 要 找 谁,如何预约维修,商品 不 制冷 怎么,空调不制冷怎么办？,1.0,商品 不 制冷,申请售后,0.45,申请售后
我 只是 有点 好奇 苏宁 这样 售后 不会 倒闭,我要投诉你,你 卖 不会 是 非正品 我 到 怎么 是 这样,收到怎么是二手的有使用痕迹,1.0,我 苏宁 买 商品 售后 怎么,如何预约维修,0.43,如何预约维修
怎么 重新 拍 不了,可以重新下单吗,填 错 单 取消 怎么 拍 不了,可以重新下单吗,1.0,怎么 我 拍 不了,无法下单购买怎么回事,0.73,无法下单购买怎么回事
款 到底 问时间 退换货,退款什么时候到账,退换货 到底 问时间 审核 完毕,咨询退换货进度,1.0,我 款 问时间 退换货 给我,退款什么时候到账,0.69,退款什么时候到账
退换货 申请 没反应,咨询退换货进度,发 申请 退换货 请求 没反应,咨询退换货进度,1.0,申请 退换货,申请换货,0.87,申请换货
售后 差,服务态度太差了,热 天 本来 买 商品 是 开心 事情 售后 差,服务态度太差了,1.0,售后,如何预约维修,0.52,如何预约维修
申请 退换货 失败,申请退换失败怎么办,申请 退换货,申请换货,1.0,申请 退换货 失败 怎么,申请退换失败怎么办,0.9,申请退换失败怎么办
你 说 能 退换货 不,申请退换失败怎么办,你 退换货 差 不,怎么申请价保,1.0,你 能 退换货,申请退换货,0.81,申请退换货
退换货 不了,申请退换失败怎么办,退换货 说 缺货 是 换 不了,提交换货，显示无货怎么办,1.0,延保 退换货 不了,延保怎么退,0.7,延保怎么退
充 错 手机号,错充手机号码怎么办,我 手机号 留 错,怎么修改收货人地址、电话,1.0,话费 充 错,流量充值错误，怎么办,0.53,流量充值错误，怎么办
查 不到 订单,以前的订单怎么查询不到,物流 查 不到,订单没有物流信息,1.0,以前 订单 现在 查 不到 怎么 弄,以前的订单怎么查询不到,0.62,以前的订单怎么查询不到
质量 太 差,申请退换货,服务 态度 太 差,服务态度太差了,1.0,质量 太 差 我 退换货,申请退换货,0.54,申请退换货
我 已经 退换货 申请,咨询退换货进度,我 已经 申请 退换货 问时间 同意,咨询退换货进度,1.0,我 申请 退换货,申请退换货,0.88,申请退换货
物流 师傅 骂 人,物流师傅服务态度差,你 物流 师傅 怎么 骂 人呢,物流师傅服务态度差,1.0,师傅 物流,怎么更改送货时间,0.6,怎么更改送货时间
我 安装 联系 联系 不是 到 联系,如何更改安装时间、地址、电话,我 安装 联系 联系 不是 到,如何更改安装时间、地址、电话,1.0,联系 安装,怎么预约安装,0.71,怎么预约安装
反馈 问题 客服,转人工,反馈 hp 打印机 缺少 硒鼓 问题,商品缺少配件怎么办,1.0,商品 出现 问题 客服 不管 怎么,申请售后,0.4,商品缺少配件怎么办
发票 丢 能 补,没有发票或保修卡支持保修吗,发票 丢 能 补 打,发票不见了能补打吗,1.0,发票 丢 能 补 一张,发票丢失或没有保修卡支持保修吗,0.91,发票丢失或没有保修卡支持保修吗
商家 反馈 顾客 运费 险 没有 到 是 为什么,商家反馈，顾客运费险没有收到？,运费 险 退款 到 问地点,商品退货后有运费险怎么退,1.0,其他 商家 商品 有 运费 险,什么是运费险,0.48,什么是运费险
退换货 预约 介绍,退货预约怎么操作？,预约 理财 能 退换货,理财预约还没有成功,1.0,预约 退换货,申请退换货,0.76,申请退换货
订单 退款 成功 评价 会 消失,商品评价了，然后申请退货，这种评价不会自动删除么？,订单 我 交易 成功,如何知道在线支付是否成功,1.0,没有 成功 订单 3426134411 退款 到 问地点,退款什么时候到账,0.44,退款什么时候到账
发票 丢 能 修,没有发票或保修卡支持保修吗,发票 丢 能 补 打,发票不见了能补打吗,1.0,发票 没了 能 修,发票丢失或没有保修卡支持保修吗,0.72,发票丢失或没有保修卡支持保修吗
怎么 物流 单 号,查询送货动态,没有 物流 单 号,什么时候送,1.0,怎么 下 物流 作业 单 号,查询送货,0.74,查询送货
旗舰 店 问时间 发货,商户商品多久发货,能 最近 店 发货,从哪里发货,1.0,旗舰 店 商品 问时间 发货,商户商品多久发货,0.91,商户商品多久发货
没有 联系 直接 取消 我 订单,订单被自动取消了,没有 联系我 直接 取消 订单,订单被自动取消了,1.0,我 我 订单 取消 没有,咨询退换货进度,0.69,咨询退换货进度
我 不想 给我 退换货,提交换货，显示无货怎么办,不想 不 换 给我 退换货,提交换货，显示无货怎么办,1.0,可是 我 不想 退换货,撤回退换货申请,0.76,撤回退换货申请
未 支付 订单 能 修改 运费,未支付订单无法修改运费怎么处理？,修改 订单 物流 时 能 修改,怎么更改送货时间,0.6940000000000001,支付 能 修改,支付方式是否可以修改,0.46,支付方式是否可以修改
安装 人 还不 来,安装为什么一直没来呢,有 人 来 维修,如何预约维修,0.9990000000000001,你 人 还不 来 安装,安装为什么一直没来呢,0.9,安装为什么一直没来呢
你 安装 师傅 安装 太 差,安装作业技能差,师傅 服务 态度 太 差,物流师傅服务态度差,1.0,安装 师傅 技能 差,安装作业技能差,0.71,安装作业技能差
装 商品 要 在 墙壁 打孔,安装需要打孔怎么办,安装 商品 要 花钱,安装如何收费,1.0,商品 要 安装,怎么预约安装,0.59,怎么预约安装
我 订单 物流 和 安装 问地点 不一 致 怎么,送货和安装在不同地址可以吗,物流 和 安装 在 不同 问地点,送货和安装在不同地址可以吗,1.0,物流 问地点 和 安装 问地点 能 分开,如何更改安装时间、地址、电话,0.51,如何更改安装时间、地址、电话
买 商品 问时间 上门 安装,什么时候上门安装,看下 问时间 上门 安装,怎么预约安装,1.0,问时间 上门 安装,什么时候上门安装,0.72,什么时候上门安装
安装 师傅 问时间 来,什么时候上门安装,们 预约 安装 师傅 问时间 来,什么时候上门安装,1.0,安装 师傅 来 安装,怎么预约安装,0.8,怎么预约安装
能 帮 安装,提供安装服务吗,你 到 会 帮 我们 安装,送货安装是否同步进行,1.0,你 帮 安装,提供安装服务吗,0.73,提供安装服务吗
不是 24小时 极 速 安装 为什么 要 拖 问时间,安装为什么一直没来呢,说 24小时 极 速 安装 说 时 已经 超出 24小时,安装为什么一直没来呢,1.0,不是 24小时 极 速 安装,24H极速装什么意思,0.63,24H极速装什么意思
安装 要 另外 收 价格,安装如何收费,安装 工具 要 另外 加 价格,安装如何收费,1.0,安装 多 收 价格,安装乱收费怎么办,0.72,安装乱收费怎么办
客服 说 地区 不能 安装,无法安装怎么办,转接 到 安装 客服 那里,转人工,1.0,不能 安装 怎么,无法安装怎么办,0.48,无法安装怎么办
我 商品 没有 安装 怎么 订单 说 安装 完成,安装为什么一直没来呢,货 没有 到 怎么 说 订单 完成,为什么未收货却显示送货完成了,1.0,我 商品 怎么 没有 人 安装,怎么预约安装,0.57,怎么预约安装
我 安装 行 不能,可以自行安装吗,我 装 行 不能,可以自行安装吗,1.0,我 不能 早点 安装,什么时候上门安装,0.77,什么时候上门安装
安装 师傅 问时间 来,什么时候上门安装,们 预约 安装 师傅 问时间 来,什么时候上门安装,1.0,安装 师傅 来 安装,怎么预约安装,0.8,怎么预约安装
买 问时间 给 安装,什么时候上门安装,到 问时间 给 安装,怎么预约安装,1.0,问时间 买 问时间 物流 安装,什么时候送,0.72,什么时候送
安装 要 另外 收 价格,安装如何收费,安装 工具 要 另外 加 价格,安装如何收费,1.0,安装 多 收 价格,安装乱收费怎么办,0.72,安装乱收费怎么办
燃气 商品 带 安装,提供安装服务吗,是 物流 带 安装,送货安装是否同步进行,1.0,我 商品 安装,怎么预约安装,0.53,怎么预约安装
能 买 手机 装 好 常用 软件,电脑是否有调试服务,垃圾 软件,苏宁垃圾,1.0,我 手机 买 好 现在 能 买 延保,怎么买延保,0.41,怎么买延保
商品 安装 故障,安装作业技能差,商品 安装 价目表,安装如何收费,1.0,安装 故障,安装作业技能差,0.73,安装作业技能差
到 安装 时 没有 人 来,安装为什么一直没来呢,货 到 怎么 没有 人 来 安装,送货安装是否同步进行,1.0,两三天 没有 人 来 安装,安装为什么一直没来呢,0.75,安装为什么一直没来呢
买 商品 不会 装 怎么,提供安装服务吗,不会 买 非正品 机器,收到怎么是二手的有使用痕迹,1.0,我 商品 不 装 能,如何更改安装时间、地址、电话,0.48,如何更改安装时间、地址、电话
你 收费 什么 标准,安装乱收费怎么办,怎么 和 你 网页 收费 标准 不一样,安装如何收费,1.0,至惠套餐2.0 收费 什么 标准,至惠套餐2.0收费档次及收费标准,0.66,至惠套餐2.0收费档次及收费标准
问地点 商品 拆除 怎么 收费,拆机/移机如何收费,旧 机 拆除 要 收费,拆机/移机如何收费,1.0,问地点 是 普通 砖墙 怎么 打孔 收费,安装乱收费怎么办,0.4,拆机/移机如何收费
问时间 午 10 时 30分 左右 安排 装机 8 时 30分 左右 物流,怎么预约安装,能 安排 问时间 物流,什么时候送,1.0,安排 问时间 物流,怎么更改送货时间,0.47,怎么更改送货时间
柜 机 支架 收费,安装如何收费,不锈钢 支架 收费 80 对,安装如何收费,1.0,柜 机 商品 移机 怎么 收费 标准,拆机/移机如何收费,0.45,拆机/移机如何收费
我 周 没有 空 更改 周 安装,如何更改安装时间、地址、电话,安装 联系 联系 是 空 号,安装为什么一直没来呢,1.0,我 安装 问地点 更改,如何更改安装时间、地址、电话,0.53,如何更改安装时间、地址、电话
更改 安装 联系人,如何更改安装时间、地址、电话,货 到 我 联系人 安装,怎么预约安装,1.0,更改 安装 时,如何更改安装时间、地址、电话,0.73,如何更改安装时间、地址、电话
有 安装 服务,提供安装服务吗,手机 有 安装 服务,电脑是否有调试服务,1.0,有 安装 服务,提供安装服务吗,1.0,提供安装服务吗
有 安装 服务,提供安装服务吗,手机 有 安装 服务,电脑是否有调试服务,1.0,有 安装 服务,提供安装服务吗,1.0,提供安装服务吗
我 订单 是否 你 安装,怎么预约安装,我 订单 是 负责 安装,提供安装服务吗,1.0,我 订单 是 0元 安装,怎么参加0元安装,0.63,怎么参加0元安装
现在 有 人 来 安装 下,怎么预约安装,麻烦 派 人 来 安装 下 商品,怎么预约安装,1.0,两三天 没有 人 来 安装,安装为什么一直没来呢,0.61,安装为什么一直没来呢
延 3 天安 装 能,如何更改安装时间、地址、电话,能 预约 过 多少 天安 装,怎么预约安装,1.0,能 送来 装,送货安装是否同步进行,0.41,送货安装是否同步进行
安装 师傅 技术 不能,安装作业技能差,安装 师傅 技术 很 差 不要 他 装,安装作业技能差,1.0,物流 师傅 不能 直接 安装,送货安装是否同步进行,0.61,送货安装是否同步进行
商品 没有 装 好 都 用不了,安装作业技能差,商品 买 来 装 好 试 机 坏的,申请退换货,1.0,你 师傅 根本 都 没有 装 好,安装作业技能差,0.5,安装作业技能差
安装 不是 按照 我 要求 怎么,安装作业技能差,不是 安装 师傅 和 我 联系,怎么预约安装,1.0,我 安装 问地点 不是 我 到 问地点,如何更改安装时间、地址、电话,0.45,如何更改安装时间、地址、电话
安装 打孔 找 谁,安装需要打孔怎么办,安装 要 打孔 找 谁,安装需要打孔怎么办,1.0,安装 找 谁,怎么预约安装,1.0,怎么预约安装
安装 问时间 能 来,什么时候上门安装,师傅 问时间 问时间 能 来,咨询退换货进度,1.0,能 问时间 来 安装,怎么预约安装,1.0,怎么预约安装
安装 问题 是 你 负责,提供安装服务吗,我 是 负责 安装 是,提供安装服务吗,1.0,你 负责 安装,怎么预约安装,0.69,怎么预约安装
这边 急 着 安装 能 快点 来,什么时候上门安装,我 这边 急 着 要 用,为什么还没送到,1.0,现在 能 来 安装,怎么预约安装,0.57,怎么预约安装
问时间 没有 人 过来 安装,安装为什么一直没来呢,安排 人 问时间 一 早就 过来 安装,怎么预约安装,1.0,问时间 没有 人 过来 安装 你 核实 下,安装为什么一直没来呢,0.78,安装为什么一直没来呢
安装 到底 怎么,无法安装怎么办,到底 什么 能 来 安装,安装为什么一直没来呢,1.0,到底 是 哪个 安装,怎么预约安装,0.6,怎么预约安装
怎么 线 才 用 两三天 电 越 充 越 少了,如何预约维修,是否 第一次 用 完 电 充电 越 久 越 好 才 买 平板电脑,新买的手机、笔记本、平板需要充电多久,1.0,商品 充 不 电,申请售后,0.44,申请售后
优惠 什么 限制 条件,满减活动怎么参加,加入 校园 先锋 什么 条件,加入校园先锋有什么条件,1.0,任务 勋章 优惠 奖励 什么 限制,任务勋章有什么奖励,0.44,任务勋章有什么奖励
苹果 能 用 12期 免息券,任性付免息券怎么用,苹果 8 p 64g 用 12期 免息券,任性付免息券怎么用,1.0,苹果 手机 用 免息券,免息券为什么无法使用,0.62,免息券为什么无法使用
能 刷机,有哪些支付方式,能 到货 刷机,支持货到付款吗,1.0,能 直接 刷机,有哪些支付方式,0.76,有哪些支付方式
满 4580 100 优惠 结束,满减活动怎么参加,满 100 降 50 满 怎么 没有 降,为什么参加满减没有减少,1.0,优惠 结束,活动什么时候开始,0.59,活动什么时候开始
苹果 手机 质保 问时间,保修期是多久,苹果 手机 怎么 激活,苹果手机怎样激活,1.0,质保 问时间,保修期是多久,0.53,保修期是多久
能 用 支付宝,支付宝可以支付吗,没有 支付宝,支持支付宝或微信支付吗,1.0,货到付款 能 用 支付宝,支持货到付款吗,0.63,支持货到付款吗
8 p 说 买 降 100 买 怎么 降 不 掉,为什么参加满减没有减少,100 50 提交 订单 怎么 不 降,为什么参加满减没有减少,1.0,我 问时间 刚 买 怎么 降 降 100,怎么申请价保,0.45,怎么申请价保
为什么 有 用 痕迹,收到怎么是二手的有使用痕迹,锅 怎么 有 用 痕迹,收到怎么是二手的有使用痕迹,1.0,商品 有 用 痕迹 怎么,申请退换货,0.6,申请退换货
查 下 oms 单 号,OMS单号查询,没有 物流 单 号,什么时候送,1.0,给我 查 下 单 号,怎么查询订单,0.74,怎么查询订单
我 手机 怎么 一直 没有 到,一直未取货怎么办,查 下 手机 怎么 一直 没有 物流,为什么还没送到,1.0,我 到 手机 怎么 没有 赠品,赠品配送问题,0.58,赠品配送问题
我 没有 易付宝 用 微信,微信可以支付吗,你 用 微信,微信可以支付吗,1.0,易付宝 都 没有 用,怎么开通快捷支付,0.66,怎么开通快捷支付
能 支付宝 支付 不,支付宝可以支付吗,能 用 支付宝 支付,有哪些支付方式,1.0,支付宝 能 支付,支持支付宝或微信支付吗,0.99,支持支付宝或微信支付吗
能 申请 试用,怎么参加免费试用,能 免费 试用,怎么参加免费试用,1.0,试用 报告 问地点 申请,如何提交试用报告,0.48,如何提交试用报告
手机 是什么 系统,商品的功能及包装参数,你 手机 发 是什么 物流,送货用什么快递,0.017,单通 手机 是什么,双卡双待单通是什么意思,0.6,双卡双待单通是什么意思
我 买 iphone 8 为什么 送 是 7,商品送错或漏送怎么办,iphone 7 问时间 到,什么时候送,1.0,怎么 送 不是 我 买,商品送错或漏送怎么办,0.45,商品送错或漏送怎么办
支付 不了 什么 情况,支付为什么显示失败,办 什么 买 支付 不了,支付为什么显示失败,1.0,退款 失败 什么 情况,我收到短信怎么说退款失败了,0.59,我收到短信怎么说退款失败了
下 错 手机 订单 怎么 删除,为什么删除不了订单,我 在 手机 能 恢复 删除 订单,订单被删除了怎么找回,1.0,怎么 删除 订单,怎么删除订单,0.53,怎么删除订单
送来 手机 怎么 没有 商品,商品缺少配件怎么办,苹果 手机 有 商品,商品缺少配件怎么办,1.0,怎么 没有 送来,为什么还没送到,0.53,为什么还没送到
我 订单 说 已经 到 实际 为什么 没有 到,为什么还没送到,我 已经 到 为什么 没有 赠品,赠品配送问题,1.0,订单 已经 支付 为什么 说 没有 支付,我的钱怎么没付成功啊,0.58,我的钱怎么没付成功啊
iphone 能 便宜,有没有活动，价格能优惠吗,iphone 能 店 自提,怎么自提,1.0,能 便宜,有没有活动，价格能优惠吗,0.76,有没有活动，价格能优惠吗
买 手机 支付 系统 能 保修,苹果手机ROOT/越狱了是否保修,买 手机 故障 怎么 保修,如何预约维修,1.0,手机 越狱 能 保修,苹果手机ROOT/越狱了是否保修,0.57,苹果手机ROOT/越狱了是否保修
订单 信息 被 我 删 怎么,订单被删除了怎么找回,订单 被 我 误 删 能 找回,订单被删除了怎么找回,1.0,怎么 怎么 订单 信息,怎么查询订单,0.65,怎么查询订单
送来 手机 屏幕 怎么 碎,商品有质量或外观问题,屏幕 碎 维修 价格,维修怎么收费,1.0,手机 怎么 投射 到 商品 屏幕,手机如何投屏到电视上,0.43,手机如何投屏到电视上
指纹 解锁 怎么 弄,如何设置指纹解锁,指纹 解锁 怎么 设置 方法,如何设置指纹解锁,1.0,易付宝 指纹 支付 怎么 弄,易付宝支持指纹支付吗,0.46,易付宝支持指纹支付吗
我 次 买 店 怎么 搜 不 到,店铺搜索不到，显示维护中,店 找 不 到,店铺搜索不到，显示维护中,1.0,我 怎么 能 搜 到 自提,怎么自提,0.5,怎么自提
iphone 什么 优惠 没有,有没有活动，价格能优惠吗,有 iphone 5s,商品是否有货,1.0,什么 优惠,有没有活动，价格能优惠吗,0.62,有没有活动，价格能优惠吗
我 买 2 部手机 为什么 只 送 到 1部,商品送错或漏送怎么办,为什么 我 买 两个 净水器 只 到,商品送错或漏送怎么办,1.0,为什么 我 问时间 买 问时间 到 送 不了,什么时候送,0.51,什么时候送
推荐 下 好看 壳,帮我推荐下手机、配件,卖 有 壳,帮我推荐下手机、配件,1.0,推荐 下 电器,帮我推荐下电器,0.41,帮我推荐下电器
iphone 8 怎么 激活,苹果手机怎样激活,激活 故障 怎么 售后,申请退换货,1.0,怎么 激活 易玺,如何激活易玺,0.55,如何激活易玺
能 0元 买 手机,0元购怎么参加,买 都是 0元 安装,怎么参加0元安装,1.0,能 买 手机,有没有活动，价格能优惠吗,0.84,有没有活动，价格能优惠吗
买 小米 手机 返还 券 能 干,返券支持购买什么商品,买 奢侈品 返还 云钻,云钻问题咨询,1.0,小米 手机 买 是否 真货,商品是正品么,0.44,商品是正品么
我 买 iphone 订单 为什么 没有 送 云钻,订单为什么没有返云钻,订单 为什么 没有 返 云钻,订单为什么没有返云钻,1.0,我 买 云钻 为什么 不 给我,云钻问题咨询,0.57,云钻问题咨询
分期 订单 退款 手续费 怎么 算,分期付款的退货有手续费吗,任性付 分期 手续费 怎么 算,任性付手续费多少,1.0,分期 退款 有 手续费,分期付款的退货有手续费吗,0.53,分期付款的退货有手续费吗
久 退款 没有 成功,多久了怎么还没退款,我 退换货 久 没有 退款,退款什么时候到账,1.0,任性贷 退款 怎么 久 都 没有 成功,任性贷购买商品如何退款,0.67,任性贷购买商品如何退款
退款 会 退换货 运费,怎么退运费,退换货 运费 券 会 我,退款后多久退优惠券/云钻？,1.0,退换货 运费,怎么退运费,0.69,怎么退运费
忘记 自提 怎么,一直未取货怎么办,忘记 备注,如何给卖家留言或备注,0.516,登录密码 忘记 怎么,怎么找回或修改登录密码,0.42,怎么找回或修改登录密码
退换货 能 撤销,撤回退换货申请,撤销 退换货 申请,撤回退换货申请,1.0,能 退换货,申请退换货,0.74,申请退换货
退换货 上门 取件 要 费用,退换货有取件费用吗,退换货 有 取件 费用,退换货有取件费用吗,1.0,退换货 上门 取件,咨询退换货进度,0.78,咨询退换货进度
拒收 会 扣 价格,拒收收费吗,拒收 会 产生 费用,拒收收费吗,1.0,为什么 会 扣 我 两次 价格,重复扣款怎么办,0.53,重复扣款怎么办
退换货 生产日期 什么 要求,退换货周期是多久,什么 生产日期,生产日期和保质期是什么时候的,1.0,要求 退换货,申请退换货,0.68,申请退换货
iphone 屏 碎 怎么,碎屏保如何维保,怎么 联系 碎 屏 维修,碎屏保如何维保,1.0,屏 碎 三包,商品有质量或外观问题,0.59,商品有质量或外观问题
售后 联系 是什么,售后维保地址电话,售后 安装 是 联系,怎么预约安装,1.0,给我 售后 联系,售后维保地址电话,0.68,售后维保地址电话
我 发票 不见 能 保修,发票丢失或没有保修卡支持保修吗,发票 不见 能 退换货,没有发票可以退货吗,1.0,我 发票 找 不 到 能 保修,发票丢失或没有保修卡支持保修吗,0.73,发票丢失或没有保修卡支持保修吗
我 手机 维修 质量 太 差,维修技作业技能差,服务 态度 太 差,服务态度太差了,1.0,质量 太 差 我 退换货,申请退换货,0.42,申请退换货
发票 丢 能 补发,发票不见了能补打吗,发票 丢 能 补 打,发票不见了能补打吗,1.0,发票 丢 能 补 一张,发票丢失或没有保修卡支持保修吗,0.66,发票丢失或没有保修卡支持保修吗
我 取消 一次 订单 重新 买 券 怎么 没了,重新下单，券怎么不见了,重新 买 券 怎么 不见,重新下单，券怎么不见了,1.0,刚 买 订单 怎么 取消,怎么取消订单,0.54,怎么取消订单
手机 lcd 屏 和 led 屏 什么 不一样,LCD与LED区别,销售 推广 说明 是 led 屏 面 说明书 是 lcd 屏 是 为什么,收到商品和页面描述不一致,1.0,lcd 与 led 什么 不一样,LCD与LED区别,0.49,LCD与LED区别
苏宁 租 机 怎么 收费,苏宁租机费用如何收取,是什么 苏宁 租 机,什么是“苏宁租机”,1.0,怎么 用 苏宁 租 机,怎么使用苏宁租机,0.58,怎么使用苏宁租机
苏宁 租 机 怎么 还款,苏宁租机的还款方式有哪些,苏宁 租 机 还款 方式 有 哪些,苏宁租机的还款方式有哪些,1.0,怎么 用 苏宁 租 机,怎么使用苏宁租机,0.59,怎么使用苏宁租机
手机 互联卡 识别 不了 怎么,互联SIM卡遗失、被窃、损坏、故障，该怎么办,互联卡 插 在 手机 用 不了,我的苏宁互联卡在手机上无法使用,1.0,人脸 识别 一直 失败 怎么,任性付人脸识别认证失败怎么办,0.49,任性付人脸识别认证失败怎么办
我 这边 有 上门 安装 的么,提供安装服务吗,我 这边 用 24小时 安装 延误 险,24H极速装什么意思,1.0,上门 安装,怎么预约安装,0.64,怎么预约安装
问时间 能 到,查询送货动态,急速达 问时间 能 到,什么是急速达,1.0,问时间 能 到,什么时候送,1.0,什么时候送
有 优惠,有没有活动，价格能优惠吗,企业 账户 有 优惠,企业账户有什么特权,1.0,最近 有 优惠,有没有活动，价格能优惠吗,0.77,有没有活动，价格能优惠吗
免费 安装 有 另外 收费,安装如何收费,安装 要 另外 收费,安装如何收费,1.0,免费 安装 怎么 收费,安装乱收费怎么办,0.77,安装乱收费怎么办
商品 到 问时间 上门 安装,怎么预约安装,看下 问时间 上门 安装,怎么预约安装,1.0,问时间 上门 安装,什么时候上门安装,0.72,什么时候上门安装
有 优惠,有没有活动，价格能优惠吗,企业 账户 有 优惠,企业账户有什么特权,1.0,最近 有 优惠,有没有活动，价格能优惠吗,0.77,有没有活动，价格能优惠吗
最低 价格,有没有活动，价格能优惠吗,最低 多少,有没有活动，价格能优惠吗,1.0,零钱宝 最低 能 转入 价格,零钱宝最低可以转入多少钱,0.4,有没有活动，价格能优惠吗
问时间 发货 问时间 能 到,什么时候送,延期 到 问时间 问时间 发货,怎么更改送货时间,1.0,发货 问时间 到,什么时候送,0.88,什么时候送
三年 保修,保修期是多久,全 保修 和 三年 延保 什么 不一样,延保服务都可以保哪些问题的,1.0,保修 几年,保修期是多久,0.7,保修期是多久
买 商品 送 架子,赠品配送问题,买 商品 外机 送 错 怎么,商品送错或漏送怎么办,1.0,我 买 商品 问时间 送,查询送货,0.58,查询送货
由于 下雪 没有 物流 我 能 退换货,申请退换货,我 货 退换货 没有,咨询退换货进度,1.0,我 退换货 怎么 没有 安排 物流,一直未取货怎么办,0.61,一直未取货怎么办
商品 给 安装,怎么预约安装,我 买 移动 商品 你 给 安装,怎么预约安装,1.0,商品 安装 价目表,安装如何收费,0.73,安装如何收费
问地点 农村 给 安装,怎么预约安装,你 能 给 安装,怎么预约安装,1.0,农村 安装 是否 格外 贵,安装如何收费,0.44,安装如何收费
安装 时,怎么预约安装,能 买 安装 时,怎么预约安装,1.0,安装 时 改天,如何更改安装时间、地址、电话,0.82,如何更改安装时间、地址、电话
尾款 问时间 支付,怎么支付尾款,问时间 支付 尾款 问时间 发货,下单多久发货,1.0,支付 尾款 问时间 能到,什么时候送,0.77,什么时候送
买 完 问时间 安装,怎么预约安装,买 完 没有 安装 降,怎么申请价保,1.0,问时间 买 问时间 物流 安装,什么时候送,0.66,什么时候送
我 到 问地点 是农村 能 发货 到 不,是送货上门吗,我 问地点 能 到,是送货上门吗,1.0,我 在 北京 到 是 问地点 发货,从哪里发货,0.72,从哪里发货
即使 农村 能 上门 安装,怎么预约安装,农村 上门,是送货上门吗,1.0,能 上门 安装,怎么预约安装,0.7,怎么预约安装
评价 安装费 很 高,安装如何收费,安装费 收 很 不合 理,安装乱收费怎么办,1.0,安装费 怎么 收,安装如何收费,0.41,安装如何收费
乡镇 会 去 安装,怎么预约安装,乡镇 有 配送点,是送货上门吗,1.0,会 有人 安装,怎么预约安装,0.59,怎么预约安装
物流 到 乡镇 村,是送货上门吗,乡镇 发 什么 物流,送货用什么快递,1.0,能 物流 到 江西省,是送货上门吗,0.68,是送货上门吗
你 不 送 支架,赠品配送问题,支架 送 哪,查询送货,1.0,送 支架 的么,赠品配送问题,0.67,赠品配送问题
问时间 买 问时间 能 安装,怎么预约安装,问时间 买 问时间 物流 安装,什么时候送,1.0,问时间 能 安装,怎么预约安装,0.69,怎么预约安装
查 一 查 有 发货,什么时候送,查 下 有 有货,商品是否有货,1.0,有 发货,什么时候送,0.64,什么时候送
本地 物流 还是,从哪里发货,商家 发货 还是 本地 发货,从哪里发货,1.0,还是 物流,送货用什么快递,0.77,送货用什么快递
安装 问时间 装,怎么预约安装,是否 问时间 送 问时间 装,送货安装是否同步进行,1.0,预约 问时间 安 装,怎么预约安装,0.58,怎么预约安装
都是 正品,商品是正品么,海外购 都是 正品,海外购有保障么,1.0,都是 正品 对,商品是正品么,0.77,商品是正品么
那些 优惠,有没有活动，价格能优惠吗,现在 特价 手机 优惠 有 那些 款,帮我推荐下手机、配件,1.0,能 优惠,有没有活动，价格能优惠吗,0.53,有没有活动，价格能优惠吗
商品 问时间 送 到 问时间 来 安装,怎么预约安装,商品 送 到 怎么 没有 人 和 着 来 安装,送货安装是否同步进行,1.0,商品 送 到 问时间 安装,什么时候上门安装,0.85,什么时候上门安装
高空作业 费 怎么 算,安装如何收费,高空作业 费 怎么 收,安装如何收费,1.0,怎么 算 清洗 费,清洗服务怎么收费,0.65,清洗服务怎么收费
不能 当 天安 装,怎么预约安装,气垫 送 备用 装,赠品配送问题,1.0,我 装 行 不能,可以自行安装吗,0.51,可以自行安装吗
物流 安装 问时间 一 起,怎么预约安装,物流 和 安装 能 一 块 到,怎么预约安装,1.0,问时间 物流 问时间 安装,什么时候上门安装,0.79,什么时候上门安装
尾款 问时间 支付,怎么支付尾款,问时间 支付 尾款 问时间 发货,下单多久发货,1.0,支付 尾款 问时间 能到,什么时候送,0.77,什么时候送
安装 另 取 价格,怎么预约安装,售后 保修 要 另 外交 价格,维修怎么收费,1.0,安装 价格,安装如何收费,0.64,安装如何收费
送 东西 都 有货,赠品配送问题,店 都 有货,门店有货吗？,1.0,送 东西 不对,商品送错或漏送怎么办,0.48,商品送错或漏送怎么办
我 买 口红 退换货,申请退换货,我 现在 退换货 买 7 怎么 弄,申请退换货,1.0,我 买 货 退换货,咨询退换货进度,0.63,咨询退换货进度
不是 说 是 自营,商品是自营的么,不是 自营 物流,送货用什么快递,1.0,自营 是,商品是自营的么,0.62,商品是自营的么
和 49 什么 不一样,商品A和商品B有什么区别,和 黑色 什么 不一样,商品A和商品B有什么区别,1.0,益生菌 和 益生元 什么 不一样,益生菌和益生元有哪个好,0.61,益生菌和益生元有哪个好
价格 每包,商品价格多少钱,少了 每包 湿巾,商品送错或漏送怎么办,1.0,价格 价格,商品价格多少钱,0.53,商品价格多少钱
有 优惠,有没有活动，价格能优惠吗,企业 账户 有 优惠,企业账户有什么特权,1.0,最近 有 优惠,有没有活动，价格能优惠吗,0.77,有没有活动，价格能优惠吗
我 在 广东 能 物流,是送货上门吗,为什么 现在 说 在 广东,为什么还没送到,1.0,不 在 家 能 更改 时 物流,怎么更改送货时间,0.58,怎么更改送货时间
能 多种 方式 支付,有哪些支付方式,在线 支付 方式 有 哪些,有哪些支付方式,1.0,支付 方式 选错 能 更改,支付方式是否可以修改,0.53,支付方式是否可以修改
我 看 红色 缺货 问时间 有,无货商品何时到货,缺货 问时间 有货,商品是否有货,1.0,固收 理财 问时间 有 我 看 没有,苏宁理财，定期理财固收和票据没有可以买的了,0.47,苏宁理财，定期理财固收和票据没有可以买的了
参加 129 返 20 优惠,有没有活动，价格能优惠吗,价格 说 优惠 20,有没有活动，价格能优惠吗,1.0,参加 优惠 返 券 能 买,返券支持购买什么商品,0.53,返券支持购买什么商品
mac 口红 是 正品,商品是正品么,口红 赠品 包装 那些,商品的功能及包装参数,1.0,是 正品,商品是正品么,0.55,商品是正品么
能 用 券,无敌券可以买什么,股东 券 怎么 用,股东券怎么使用,1.0,有 券,在哪里领券,0.54,在哪里领券
拍 问时间 发货,下单多久发货,从 拍 问时间 到,什么时候送,1.0,现在 拍 问时间 发货,下单多久发货,0.9,下单多久发货
没有 发货,下单多久发货,你 没有 发货,什么时候送,1.0,发货 没有,查询送货,1.0,查询送货
我 腮红 颜色 换 成小桃 粉,申请退换货,你 送 东西 我 孩子 不喜欢 颜色 能 换 下,赠品收到是否可以退换,1.0,我 颜色 不好 能 换,申请退换货,0.53,申请退换货
洗 发 露 发 什么 物流,送货用什么快递,己 经 到 但 4支 夏士莲 洗 发 露 2支 是 沐浴露,商品送错或漏送怎么办,1.0,发 什么 物流,送货用什么快递,0.65,送货用什么快递
我 在 买 一件 是 半价,商品价格多少钱,7.10号 是 半价,有没有活动，价格能优惠吗,1.0,买二付一 是否 我 买 一件 你 在 送给 我 一件,什么是买二付一,0.47,什么是买二付一
问时间 能 到,什么时候送,急速达 问时间 能 到,什么是急速达,1.0,问时间 能 到,什么时候送,1.0,什么时候送
口红 什么 颜色,商品的功能及包装参数,口红 赠品 包装 那些,商品的功能及包装参数,1.0,魅族pro5 什么 颜色 有货,商品是否有货,0.47,商品是否有货
买 洗发水 不是 包邮,运费多少,洗发水 是 正品,商品是正品么,1.0,能 包邮,运费多少,0.45,运费多少
扫码 是 能 微信 支付,微信可以支付吗,能 扫码 支付,有哪些支付方式,1.0,微信 能 支付,支持支付宝或微信支付吗,0.66,支持支付宝或微信支付吗
能 优惠 多少,有没有活动，价格能优惠吗,多 购 每 瓶 能 优惠 多少,有没有活动，价格能优惠吗,1.0,后面 价格 能 优惠 多少,商品后面多少钱,0.59,商品后面多少钱
东西 到 但是 没有 礼品,赠品配送问题,东西 到 没有 发票,怎么没有发票,1.0,我 买 东西 没有 到,为什么还没送到,0.49,为什么还没送到
是 苏宁超市 自营,商品是自营的么,我 退换货 掉 苏宁超市 卡,礼品卡可以退吗,1.0,自营 是,商品是自营的么,0.77,商品是自营的么
优惠,有没有活动，价格能优惠吗,优惠 开始,活动什么时候开始,1.0,818 优惠,苏宁818整体活动,0.7,苏宁818整体活动
我 赠品 券 怎么 用,券怎么使用,股东 券 怎么 用,股东券怎么使用,1.0,我 用 券 用不了 怎么,券怎么不能使用,0.69,券怎么不能使用
面膜 材质 是什么,商品的功能及包装参数,面膜 过敏 退换货,申请退换货,1.0,金装 是什么 材质,铂金装和银装有什么区别,0.61,铂金装和银装有什么区别
不是 苏宁 自营,商品是自营的么,不是 苏宁 自营 机子 是 苏宁 物流,送货用什么快递,1.0,这些 不是 自营,商品是自营的么,0.63,商品是自营的么
是 多少 毫升,商品的功能及包装参数,你的 身高 是 多少,你的身高是多少,1.0,人工客服 是 多少,转人工,0.64,转人工
不是 499 降 200,有没有活动，价格能优惠吗,不是 200,有没有活动，价格能优惠吗,1.0,不是 又 降 100,怎么申请价保,0.8,怎么申请价保
要 运费,运费多少,我 要 退换货 运费,怎么退运费,1.0,怎么 要 运费,运费多少,0.84,运费多少
海南省 乐东县 莺歌海镇 能 物流,是送货上门吗,能否 物流,送货用什么快递,1.0,云南 香格里拉 能 物流,是送货上门吗,1.0,是送货上门吗
我 东西 为什么 没有 发货,为什么还没送到,买 东西 怎么 没有 发货,查询送货,1.0,为什么 没有 发货,什么时候送,0.69,什么时候送
说 到 价格 108 为什么 价格 是 128元,商品价格多少钱,我 价格 进去 为什么 说 没有,任性贷还款了为什么还是显示逾期,1.0,为什么 要 价格 时 说 是 周 三 到,什么时候送,0.53,什么时候送
线 是什么 版本,商品的功能及包装参数,荣耀 有 几个 版本,商品的功能及包装参数,1.0,是什么 到 惠年卡 2.0 版本,至惠年卡2.0版本的特点,0.43,至惠年卡2.0版本的特点
我 现在 买 问时间 能 安装,怎么预约安装,我 买 商品 现在 安装,怎么预约安装,1.0,我 现在 买 问时间 能 到,什么时候送,0.67,什么时候送
看下 订单 没有 拼 成 能 退款,乐拼购可以申请退货么,订单 能 更改 成 货到付款,支付方式是否可以修改,1.0,看下 订单 支付 价格 怎么 没有 退款,退款什么时候到账,0.5,退款什么时候到账
推荐 一下12 平米 卧室 用 商品,空调买多大的匹数合适,我 房间 30 平米 用 多大 商品,空调买多大的匹数合适,1.0,推荐 几款 商品,帮我推荐下电器,0.44,帮我推荐下电器
有 送 品,赠品配送问题,买 有 赠品 送,赠品配送问题,1.0,问时间 有 送,什么时候送,0.46,什么时候送
是 24小时 内 安装,怎么预约安装,是 24小时 内 支付 有效,支付有时间限制吗,1.0,不是 24小时 极 速 安装,24H极速装什么意思,0.51,24H极速装什么意思
苏宁 价格 比 线上 便宜 全国联保,有保修服务吗,天猫 苏宁 和 苏宁 苏宁 商品 都是 全国联保,苏宁自营跟天猫苏宁有何区别,1.0,会 比 6098 便宜,有没有活动，价格能优惠吗,0.48,有没有活动，价格能优惠吗
我们 货 回来 安装 是 我们 我 安装,怎么预约安装,我们 我 预约 安装,怎么预约安装,1.0,是 货 到 安装,送货安装是否同步进行,0.63,送货安装是否同步进行
能 补发 普通 发票,发票不见了能补打吗,到货 没有 发票 是 补发,怎么没有发票,1.0,普通 发票 能 报销,普通发票是什么样的,0.79,普通发票是什么样的
推荐 三菱电机 柜 机,帮我推荐下电器,我 换 一台 柜 机,申请退换货,1.0,推荐 扫地 机,帮我推荐下电器,0.49,帮我推荐下电器
山西 翼城县 有 店,怎么查门店的地址电话,我 在 山西 朔州 是 从 太原 发货,从哪里发货,1.0,店 有,门店有货吗？,0.77,门店有货吗？
光大 银行 支付 满 1000 100,满减活动怎么参加,满 1000 减少 多少,满减活动怎么参加,1.0,能 直接 银行 支付,有哪些支付方式,0.42,有哪些支付方式
我 没有 到 你 便宜,怎么申请价保,为什么 没有 到 你 赠品,赠品配送问题,1.0,你 不 便宜,有没有活动，价格能优惠吗,0.68,有没有活动，价格能优惠吗
我 更换 下 安装 时,如何更改安装时间、地址、电话,安装 具体 时 我 修改 下,如何更改安装时间、地址、电话,1.0,我 确认 下 安装 时,什么时候上门安装,0.58,什么时候上门安装
现在 买 问时间 能 安装,怎么预约安装,现在 能 来 安装,怎么预约安装,1.0,问时间 买 问时间 物流 安装,什么时候送,0.66,什么时候送
分期 怎么 弄,怎么分期付款,分期 还款 怎么 弄,如何还款,1.0,怎么 弄 分期,怎么分期付款,1.0,怎么分期付款
我 发票 丢 能 补,发票不见了能补打吗,发票 丢 能 补 打,发票不见了能补打吗,1.0,发票 丢 能 补 一张,发票丢失或没有保修卡支持保修吗,0.83,发票丢失或没有保修卡支持保修吗
现在 买 能 问时间 送,下单多久发货,我 现在 没有 时 能 问时间 送,怎么更改送货时间,1.0,问时间 买 问时间 送,什么时候送,0.77,什么时候送
怎么 领 99 降 10 券,在哪里领券,满 99 降 30 怎么 弄,满减活动怎么参加,1.0,新手 领 15 券 怎么 看不到,已经实名认证，为什么没有返券,0.67,已经实名认证，为什么没有返券
全网通 通官换 是 正品,商品是正品么,全网通 和 全网通 非定制 是,什么是全网通、双网通、公开版手机,1.0,是 正品,商品是正品么,0.54,商品是正品么
新 买 没有 问时间 商品 不 制冷,售后维保地址电话,商品 不 制冷 怎么,空调不制冷怎么办？,1.0,商品 不 制冷,申请售后,0.48,申请售后
易购账号 不想要,注销易付宝账号,怎么 注册 苏宁 易购账号,怎么注册登录易购账户,1.0,买 商品 不想要,申请退换货,0.42,申请退换货
我 多 买 一台 电视机 . 退换货 掉,申请退换货,是 我 多 买 一套 能 退换货,申请退换货,1.0,我 退换货 掉 延保,延保怎么退,0.49,延保怎么退
能 用 翼 支付 支付,有哪些支付方式,能 用 微信 支付,有哪些支付方式,1.0,能 用 指纹 支付,如何开启/关闭指纹支付,0.66,如何开启/关闭指纹支付
发票 信息 要 更改,发票信息是否可以更改,发票 信息 怎么 更改,如何设置发票信息,1.0,发票 信息 能 更改,发票信息是否可以更改,0.82,发票信息是否可以更改
我 在 手机上 能 支付,有哪些支付方式,我 能 机器 在 决定 要不要 支付,可以验货后再付款吗,1.0,我 在 手机上 能 删除 订单,怎么删除订单,0.5,怎么删除订单
物流 要 快点,为什么还没送到,自提 是否 快点,自提和配送哪个快,1.0,要 物流,送货用什么快递,0.76,送货用什么快递
能 查到 物流 联系,查询送货动态,你 能 查到 物流 订单号,查询送货,1.0,能 我 联系 再 物流,怎么更改送货时间,0.66,怎么更改送货时间
我 退换货 没有 处理,咨询退换货进度,申请 自助 退换货 没有 处理,咨询退换货进度,1.0,我 买 手机 退换货 怎么 没有 处理,申请退换货,0.69,申请退换货
物流 问地点 怎 不能 更改,怎么修改收货人地址、电话,默认 问地点 不能 更改,能否修改默认地址,1.0,物流 问地点 能 更改,怎么修改收货人地址、电话,0.69,怎么修改收货人地址、电话
不能 取消 拼 单,更改拼团状态,能 取消 退换货 单,撤回退换货申请,1.0,不能 拼 单,为什么拼团失败,0.69,为什么拼团失败
一箱 多少 水果,商品的功能及包装参数,有 一箱 从 牛奶 和 洗洁精 漏 流出 到,商品送错或漏送怎么办,1.0,最低价 多少,有没有活动，价格能优惠吗,0.42,有没有活动，价格能优惠吗
我 维修 商品 这边 怎么 弄,如何预约维修,我 更改 维修 联系 怎么 弄,如何修改维修信息,1.0,我 取消 维修 怎么 弄,怎么取消维修单,0.61,怎么取消维修单
只是 维修 清洗 怎么 收费,清洗服务怎么收费,清洗 服务 怎么 收费,清洗服务怎么收费,1.0,维修 怎么 收费,维修怎么收费,0.72,维修怎么收费
问时间 发货 怎么 到 问时间 都 没有 物流,订单没有物流信息,都 问时间 没有 到,为什么还没送到,1.0,都 发货 问时间 没有 信息,订单没有物流信息,0.74,订单没有物流信息
现在 怎么 不 送 免运费 券,运费券怎么领取,能 免运费 不,运费多少,1.0,取消 订单 免运费 券 怎么 没有 返还,退款后多久退优惠券/云钻？,0.5,退款后多久退优惠券/云钻？
我 收藏 怎么 领 券,在哪里领券,怎么 领 券,在哪里领券,1.0,我 领 券 怎么 领不了,为什么领不了券,0.77,为什么领不了券
是 14.9元 2件,商品价格多少钱,2件 5折,什么是满2件5折,1.0,2件 198元,商品价格多少钱,0.67,商品价格多少钱
安装 要 另 收支 架 价格,安装如何收费,售后 保修 要 另 外交 价格,维修怎么收费,1.0,安装 要 价格,安装如何收费,0.69,安装如何收费
拼团 买 是什么,怎么参加乐拼购,拼团 是什么,怎么参加乐拼购,1.0,是什么 买,定金团如何参加,0.61,定金团如何参加
券 不能用,券怎么使用,为什么 任性付 分 12 券 不能用,任性付免息券怎么用,1.0,订单 怎么 不能用 券,券怎么不能使用,0.62,券怎么不能使用
要 维修 商品,如何预约维修,维修 要 带 什么,有保修服务吗,1.0,我 要 维修,如何预约维修,0.64,如何预约维修
神 券 能 送 一张 不,在哪里领券,问时间 送 商品 能 不,什么时候送,0.998,一张 券 能 领 几次,同一张优惠券可以领取几次,0.44,同一张优惠券可以领取几次
我 没有 发货,为什么还没送到,我 赠品 工厂 没有 发货,赠品配送问题,1.0,发货 没有,查询送货,0.84,查询送货
能 店 自提,怎么自提,店 自提 能 店 支付,怎么门店付款,1.0,能 店 自提,怎么自提,1.0,怎么自提
能 发 一份 发票 电子版,电子发票怎么下载（无下载按钮怎么办）,我 能 再 打 一份 纸质 发票,电子发票和普通纸质发票怎么互换,1.0,发票 校验码 能 发 下,发票的校验码在哪,0.61,发票的校验码在哪
苹果 能 用 12期 免息券,券怎么使用,苹果 8 p 64g 用 12期 免息券,任性付免息券怎么用,1.0,苹果 手机 用 免息券,免息券为什么无法使用,0.62,免息券为什么无法使用
榴莲 什么的 优惠,有没有活动，价格能优惠吗,你 属 什么的,你属什么的,1.0,能 优惠,有没有活动，价格能优惠吗,0.44,有没有活动，价格能优惠吗
商品 质保 问时间 故障 怎么 质保,生产日期和保质期是什么时候的,我 商品 故障 问时间 上门 维修,如何预约维修,1.0,质保 问时间,保修期是多久,0.53,保修期是多久
我 想买 台扇 问时间 能 物流,下单多久发货,我 想买 延期 问时间 发货 能,怎么更改送货时间,1.0,能 告诉 我 问时间 问时间 能 物流,什么时候送,0.63,什么时候送
机器人 用 售后 联系,售后维保,机器人,为什么你不是人,1.0,给我 售后 联系,售后维保地址电话,0.62,售后维保地址电话
没有 到 为什么 说 到,为什么未收货却显示送货完成了,我 没有 到 物流 为什么 说 签收,为什么未收货却显示送货完成了,1.0,为什么 没有 到,为什么还没送到,0.77,为什么还没送到
有 券 没有,在哪里领券,我 领 券 没有 到账,券怎么没有到账,1.0,我 券 没有 15,已经实名认证，为什么没有返券,0.63,已经实名认证，为什么没有返券
怎么 拼团,怎么参加乐拼购,怎么 参加 乐拼购,怎么参加乐拼购,1.0,拼团 不成功 怎么,如果参团人数不足怎么办,0.63,如果参团人数不足怎么办
电饭锅 问时间 用 突然 灯 不亮 不 工作,如何预约维修,我 烤箱 灯 不亮,申请售后,1.0,商品 到 问时间 第一次 用 . 结果 怎么 突然 不 工作,如何预约维修,0.47,如何预约维修
我 能 撤 拼 单,更改拼团状态,不能 拼 单,为什么拼团失败,1.0,刚才 拼 团 我 不 拼 能 退换货 单,乐拼购可以申请退货么,0.42,乐拼购可以申请退货么
我 没有 用 10 券 现在 用,券使用规则,我 有 券 现在 延期 用,券过期了能否延期,1.0,我 到 现在 没有 到 10元 券,券怎么没有到账,0.69,券怎么没有到账
风扇 多少 寸,商品的功能及包装参数,风扇 发货了吗,什么时候送,1.0,最低价 多少,有没有活动，价格能优惠吗,0.44,有没有活动，价格能优惠吗
运输 有 保障,如何开通运费险？,商品 是否 能 平躺 运输,冰箱是否可以平躺运输,1.0,海外购 有 保障,海外购有保障么,0.47,海外购有保障么
我 订单 买 错 能 退换货,申请退换货,我 看 错 能 退换货,申请退换货,1.0,我 订单 错 退换货 能 不 退换货,撤回退换货申请,0.82,撤回退换货申请
怎么 拼团,怎么参加乐拼购,怎么 参加 乐拼购,怎么参加乐拼购,1.0,拼团 不成功 怎么,如果参团人数不足怎么办,0.63,如果参团人数不足怎么办
不是 89 怎么 买 是 99,商品价格多少钱,我 昨 天下 养生壶 问时间 买 99 刚 到 现在 89,怎么申请价保,1.0,怎么 是 问时间 不是 问时间 问时间 14 问时间,什么时候送,0.53,什么时候送
杯子 有货,商品是否有货,杯子 签收 上面 怎么 有 水垢,收到怎么是二手的有使用痕迹,1.0,有货,商品是否有货,0.68,商品是否有货
售后 是 在 本 城市 美的 售后,售后维保地址电话,到时 售后 是 问题,如何预约维修,1.0,大连 美的 商品 售后 联系,售后维保地址电话,0.46,售后维保地址电话
怎么 安装 电风扇,怎么预约安装,电风扇 坏的,申请退换货,1.0,怎么 安装,怎么预约安装,0.82,怎么预约安装
到 冷 风扇 故障 要 退换货,申请退换货,风扇 退换货,申请退换货,1.0,365天 故障 退换货,商品是30天退货，365天换货吗,0.57,商品是30天退货，365天换货吗
买 商品 能 晚 问时间 送,怎么更改送货时间,物流 最 晚 问时间 送,什么时候送,1.0,我 买 商品 问时间 送,查询送货,0.72,查询送货
问时间 怎么 拼购,怎么参加乐拼购,怎么 参加 拼购,怎么参加乐拼购,1.0,问时间 问时间 买 159 问时间 拼购 149,怎么申请价保,0.47,怎么申请价保
发票 我 为什么 写 单位 开 个人,发票不清晰、开错发票怎么办,把 发票 单位 发货,发票的开票单位是哪,1.0,发票 抬头 能 写 个人,发票信息是否可以更改,0.54,发票信息是否可以更改
怎么 没有 物流,订单没有物流信息,还是 没有 物流,为什么还没送到,1.0,没有 物流,订单没有物流信息,0.85,订单没有物流信息
机身 什么 颜色,商品的功能及包装参数,商品 机身 怎么 找 合适 商品,相机如何选择镜头,1.0,魅族pro5 什么 颜色 有货,商品是否有货,0.42,商品是否有货
是 大连 发货,从哪里发货,大连 旅顺 能 发货,是送货上门吗,1.0,你 是 北京 发货,从哪里发货,0.86,从哪里发货
货 我 已经 到 我 不知道 怎么 签收,在哪确认收货,我 没收到 怎么 已经 签收,为什么未收货却显示送货完成了,1.0,我 货 到 是否 先验 货 再 签收,支持开箱验机吗,0.54,支持开箱验机吗
你 发 吸尘器 东西 齐全,商品缺少配件怎么办,我 买 东西 发 错,商品送错或漏送怎么办,1.0,东西 发 哪,查询送货,0.53,查询送货
要 打印 发票 链接 帮忙 发 下,电子发票怎么下载（无下载按钮怎么办）,问地点 能 打印 发票,电子发票怎么下载（无下载按钮怎么办）,1.0,发票 校验码 发 我 下,发票的校验码在哪,0.48,发票的校验码在哪
售后 联系,售后维保地址电话,售后 安装 是 联系,怎么预约安装,1.0,给我 售后 联系,售后维保地址电话,0.89,售后维保地址电话
飞利浦 挂烫机 售后 西安 有点 联系,售后维保地址电话,售后 安装 是 联系,怎么预约安装,1.0,给我 售后 联系,售后维保地址电话,0.55,售后维保地址电话
运费 支付,运费多少,退换货 运费 你 支付,退换货有取件费用吗,1.0,西宁市 用 支付 运费,运费多少,0.69,运费多少
买 完 越 用 声音 越 大,售后维保地址电话,商品 开启 声音 嗡嗡 嗡 有点 大,如何预约维修,0.9990000000000001,买 流量包 用 完 怎么 扣 费,超出订购流量包使用如何扣费,0.42,超出订购流量包使用如何扣费
我 问时间 买 商品 风扇 感觉 不怎么 好 能 退换货,申请退换货,风扇 退换货,申请退换货,1.0,我 商品 问时间 能 退换货,咨询退换货进度,0.6,咨询退换货进度
赠品 刀片 替换,赠品配送问题,是什么 货品 替换 质保,什么是货品替换保,1.0,赠品,赠品配送问题,0.44,赠品配送问题
买 商品 电子发票 怎么 领,电子发票怎么下载（无下载按钮怎么办）,电子发票 怎么 怎么,电子发票怎么下载（无下载按钮怎么办）,1.0,怎么 买 苏鲜生 商品,怎么购买苏生鲜,0.48,怎么购买苏生鲜
我 买 空调扇 耗电量 怎么,商品的功能及包装参数,空调扇 耗电,空调用电量是多少,1.0,我 延保 怎么 买,延保如何购买,0.46,延保如何购买
店 价格 和 价格 一样,苏宁易购和苏宁门店价格一样吗？,店 和 线上 价格 一样,门店与线上活动是否一样,1.0,苏宁 苏宁 和 苏宁 店 价格 一样,苏宁易购和苏宁门店价格一样吗？,0.88,苏宁易购和苏宁门店价格一样吗？
能 用 无 极 券,券使用规则,为什么 不能用 无 门槛 券,券怎么不能使用,1.0,是否 无 门槛 券,券怎么使用,0.54,券怎么使用
发货 太 慢,为什么还没送到,到货 太 慢,什么时候送,1.0,怎么 发货 慢,为什么还没送到,0.72,为什么还没送到
售后 是 在 本 城市 美的 售后,售后维保地址电话,到时 售后 是 问题,如何预约维修,1.0,大连 美的 商品 售后 联系,售后维保地址电话,0.46,售后维保地址电话
净化器 不 工作 怎么 处理,如何预约维修,买 净化器 售后 维修 怎么,如何预约维修,1.0,商家 不 处理 怎么,怎么投诉商家,0.48,怎么投诉商家
能 问时间 问时间 送 不 在 家,怎么更改送货时间,不 在 家 没有 人 代 收 能 延迟 送,怎么更改送货时间,1.0,问时间 送 商品 能 不,什么时候送,0.59,什么时候送
维修 客服,如何预约维修,维修 人 说 修 不好 我 联系 客服,维修多次没有修好怎么办,1.0,怎么 维修,如何预约维修,0.59,如何预约维修
满 49 降 6元 为什么 提交 订单 还是 原来 价格,商品价格多少钱,我 订单 满 69 为什么 有 运费,运费多少,1.0,100 50 提交 订单 怎么 不 降,为什么参加满减没有减少,0.53,为什么参加满减没有减少
要 10几台 有 优惠,有没有活动，价格能优惠吗,企业 账户 有 优惠,企业账户有什么特权,1.0,分期 有 优惠,分期有没有优惠,0.47,分期有没有优惠
我 团购 选错 重新 买 怎么,更改拼团状态,我 退换货 重新 买,申请退换货,1.0,我 买 问地点 选错 怎么 处理,怎么修改收货人地址、电话,0.5,怎么修改收货人地址、电话
买 是 送 刀具 是,赠品配送问题,另外 送 刀具 没有 给,赠品配送问题,1.0,问时间 买 说 是 问时间 送,什么时候送,0.59,什么时候送
出现 故障 怎么 办,申请售后,出现 故障 安排 下 维修,如何预约维修,1.0,苏宁 租 机 手机 出现 故障 怎么,苏宁租机的手机出现质量问题怎么办,0.5,苏宁租机的手机出现质量问题怎么办
我 拼 不成 退换货,乐拼购可以申请退货么,我有 拼团 买 重 现在 没有 人 拼 怎么 退换货,乐拼购可以申请退货么,1.0,我 退换货,如何申请退货,0.62,如何申请退货
你 退换货 问地点 是什么,我们发货需要设置退货地址，请问在哪里设置？,商 户 修改 退换货 问地点 步骤 是什么,商户要求修改退货地址,1.0,退换货 问地点 问地点,退换货是要邮寄还是上门取件,0.68,退换货是要邮寄还是上门取件
你是 苏宁 客服,转人工,你是 智能 客服 还是 人工客服,你是人工还是电脑,1.0,我 联系 苏宁 苏宁 客服,转人工,0.47,转人工
我 找 售后 客服,申请售后,我 找 客服,转人工,1.0,售后 找 谁,如何预约维修,0.63,如何预约维修
